,precision,recall,f1-score,support
0,0.9996117601383546,0.9998764364265414,0.9997440807645808,56651.0
1,0.9125,0.7684210526315789,0.8342857142857143,95.0
accuracy,0.9994889507630493,0.9994889507630493,0.9994889507630493,0.9994889507630493
macro avg,0.9560558800691773,0.8841487445290601,0.9170148975251475,56746.0
weighted avg,0.9994659240051798,0.9994889507630493,0.9994670824772038,56746.0
