,precision,recall,f1-score,support
0,0.9995412439347154,0.999964696121869,0.9997529251892769,56651.0
1,0.971830985915493,0.7263157894736842,0.8313253012048193,95.0
accuracy,0.9995065731505305,0.9995065731505305,0.9995065731505305,0.9995065731505305
macro avg,0.9856861149251042,0.8631402427977766,0.9155391131970481,56746.0
weighted avg,0.999494853448834,0.9995065731505305,0.999470955988302,56746.0
