{
    "accuracy": 0.9994889507630493,
    "f1_score": 0.8342857142857143,
    "timestamp": "2025-03-25 20:29:00",
    "auc": 0.9694220104815354
}