{
    "accuracy": 0.9995065731505305,
    "f1_score": 0.8313253012048193,
    "timestamp": "2025-03-25 20:24:01",
    "auc": 0.9239441121028197
}