Model,Type,Accuracy,F1 Score,AUC,Execution Time
Logistic Regression,Original,0.9991188806259472,0.6875,0.9560466717268892,0.9713811874389648
Random Forest,Original,0.9995065731505305,0.8313253012048193,0.9239441121028197,166.66965293884277
Logistic Regression,SMOTE,0.9736721531033025,0.1,0.9626184886409772,1.6619222164154053
Random Forest,SMOTE,0.9994889507630493,0.8342857142857143,0.9694220104815354,297.4257833957672
