,precision,recall,f1-score,support
0,0.9992942961486212,0.9998234806093449,0.9995588183390393,56651.0
1,0.8461538461538461,0.5789473684210527,0.6875,95.0
accuracy,0.9991188806259472,0.9991188806259472,0.9991188806259472,0.9991188806259472
macro avg,0.9227240711512337,0.7893854245151988,0.8435294091695196,56746.0
weighted avg,0.9990379196154823,0.9991188806259472,0.9990363923047424,56746.0
