,precision,recall,f1-score,support
0,0.9997825338431706,0.9738398263049196,0.9866406752986623,56651.0
1,0.053035143769968054,0.8736842105263158,0.1,95.0
accuracy,0.9736721531033025,0.9736721531033025,0.9736721531033025,0.9736721531033025
macro avg,0.5264088388065693,0.9237620184156177,0.5433203376493312,56746.0
weighted avg,0.9981975586544886,0.9736721531033025,0.9851563263726874,56746.0
