{
    "accuracy": 0.9736721531033025,
    "f1_score": 0.1,
    "timestamp": "2025-03-25 20:24:02",
    "auc": 0.9626184886409772
}