{
    "accuracy": 0.9991188806259472,
    "f1_score": 0.6875,
    "timestamp": "2025-03-25 20:21:14",
    "auc": 0.9560466717268892
}